run, type, time, cluster, distance.mean, distance.sd, count
0, km, 109.855000, 0, 14.096655, 10.262367, 225
0, km, 109.855000, 1, 0.781010, 0.168266, 1647
0, km, 109.855000, 2, 0.739318, 0.206713, 2023
0, km, 109.855000, 3, 0.717848, 0.250223, 1991
0, km, 109.855000, 4, 0.806781, 0.157017, 1457
0, km, 109.855000, 5, 54.800476, 37.437039, 45
0, km, 109.855000, 6, 0.798866, 0.441395, 1579
0, km, 109.855000, 7, 0.958302, 0.175829, 927
0, km, 109.855000, 8, 3.646579, 2.084742, 610
0, km, 109.855000, 9, 2.174036, 0.909907, 647
0, km, 109.855000, 10, 107.199032, 78.513787, 19
0, km, 109.855000, 11, 0.916722, 0.170458, 1126
0, km, 109.855000, 12, 1.580590, 0.526595, 596
0, km, 109.855000, 13, 6.886874, 4.620540, 403
0, km, 109.855000, 14, 0.872740, 0.167848, 1347
0, km, 109.855000, 15, 32.698802, 25.206895, 113
0, km, 109.855000, 16, 1.127738, 0.244460, 731
0, km, 109.855000, 17, 1.270499, 0.310493, 673
0, km, 109.855000, 18, 1.038586, 0.198850, 806
0, km, 109.855000, 19, 0.758018, 0.179195, 1863
0, bkm, 38.494000, 0, 29.818550, 15.902592, 17
0, bkm, 38.494000, 1, 1.708353, 0.682298, 2040
0, bkm, 38.494000, 2, 14.651201, 7.530134, 47
0, bkm, 38.494000, 3, 2.796776, 1.277445, 906
0, bkm, 38.494000, 4, 31.629908, 11.645718, 9
0, bkm, 38.494000, 5, 6.841323, 3.398852, 172
0, bkm, 38.494000, 6, 1.122150, 0.467465, 3746
0, bkm, 38.494000, 7, 1.243976, 0.487953, 3535
0, bkm, 38.494000, 8, 24.682931, 14.671201, 23
0, bkm, 38.494000, 9, 16.514984, 1.524376, 4
0, bkm, 38.494000, 10, 0.000000, 0.000000, 1
0, bkm, 38.494000, 11, 1.421481, 0.545246, 2839
0, bkm, 38.494000, 12, 8.183518, 4.802058, 105
0, bkm, 38.494000, 13, 3.616656, 1.786188, 533
0, bkm, 38.494000, 14, 1.152242, 0.642026, 3123
0, bkm, 38.494000, 15, 4.786309, 2.463938, 296
0, bkm, 38.494000, 16, 2.088348, 0.917311, 1342
0, bkm, 38.494000, 17, 11.087963, 5.918964, 60
0, bkm, 38.494000, 18, 18.928829, 5.506833, 5
0, bkm, 38.494000, 19, 20.927268, 10.086912, 25
0, skm, 5.250000, 0, 0.390795, 0.158803, 162
0, skm, 5.250000, 1, 0.475027, 0.179359, 558
0, skm, 5.250000, 2, 0.498486, 0.155222, 774
0, skm, 5.250000, 3, 0.478628, 0.083883, 598
0, skm, 5.250000, 4, 0.557275, 0.141317, 1238
0, skm, 5.250000, 5, 0.587528, 0.118359, 1260
0, skm, 5.250000, 6, 0.321625, 0.321625, 2
0, skm, 5.250000, 7, 0.560631, 0.072007, 946
0, skm, 5.250000, 8, 0.000000, 0.000000, 1
0, skm, 5.250000, 9, 0.561611, 0.054710, 719
0, skm, 5.250000, 10, 0.000000, 0.000000, 1
0, skm, 5.250000, 11, 0.000000, 0.000000, 1
0, skm, 5.250000, 12, 0.587203, 0.059505, 675
0, skm, 5.250000, 13, 0.723220, 0.257475, 9
0, skm, 5.250000, 14, 0.670994, 0.085397, 835
0, skm, 5.250000, 15, 0.646808, 0.055733, 492
0, skm, 5.250000, 16, 0.000000, 0.000000, 1
0, skm, 5.250000, 17, 0.693023, 0.083229, 804
0, skm, 5.250000, 18, 0.737758, 0.083024, 821
0, skm, 5.250000, 19, 0.777865, 0.100300, 40
0, skm, 5.250000, 20, 0.000000, 0.000000, 1
0, skm, 5.250000, 21, 0.000000, 0.000000, 1
0, skm, 5.250000, 22, 0.734635, 0.070975, 653
0, skm, 5.250000, 23, 0.000000, 0.000000, 1
0, skm, 5.250000, 24, 0.000000, 0.000000, 1
0, skm, 5.250000, 25, 0.752220, 0.072807, 599
0, skm, 5.250000, 26, 0.385213, 0.385213, 2
0, skm, 5.250000, 27, 0.788186, 0.080915, 597
0, skm, 5.250000, 28, 0.440824, 0.440824, 2
0, skm, 5.250000, 29, 0.419117, 0.419117, 2
0, skm, 5.250000, 30, 0.000000, 0.000000, 1
0, skm, 5.250000, 31, 0.800419, 0.074453, 524
0, skm, 5.250000, 32, 0.000000, 0.000000, 1
0, skm, 5.250000, 33, 0.824763, 0.071177, 406
0, skm, 5.250000, 34, 0.000000, 0.000000, 1
0, skm, 5.250000, 35, 0.455771, 0.455771, 2
0, skm, 5.250000, 36, 0.450977, 0.450977, 2
0, skm, 5.250000, 37, 0.000000, 0.000000, 1
0, skm, 5.250000, 38, 0.863122, 0.067993, 289
0, skm, 5.250000, 39, 0.844767, 0.070180, 316
0, skm, 5.250000, 40, 0.000000, 0.000000, 1
0, skm, 5.250000, 41, 0.000000, 0.000000, 1
0, skm, 5.250000, 42, 0.000000, 0.000000, 1
0, skm, 5.250000, 43, 0.896601, 0.079874, 210
0, skm, 5.250000, 44, 0.000000, 0.000000, 1
0, skm, 5.250000, 45, 0.000000, 0.000000, 1
0, skm, 5.250000, 46, 0.667242, 0.473283, 3
0, skm, 5.250000, 47, 0.892901, 0.130111, 26
0, skm, 5.250000, 48, 0.920136, 0.099285, 394
0, skm, 5.250000, 49, 0.000000, 0.000000, 1
0, skm, 5.250000, 50, 0.955805, 0.095394, 352
0, skm, 5.250000, 51, 0.995604, 0.335491, 10
0, skm, 5.250000, 52, 0.000000, 0.000000, 1
0, skm, 5.250000, 53, 0.968955, 0.103575, 300
0, skm, 5.250000, 54, 0.000000, 0.000000, 1
0, skm, 5.250000, 55, 1.033787, 0.091139, 146
0, skm, 5.250000, 56, 0.803654, 0.468080, 4
0, skm, 5.250000, 57, 1.023343, 0.116416, 287
0, skm, 5.250000, 58, 0.000000, 0.000000, 1
0, skm, 5.250000, 59, 1.188000, 0.110363, 96
0, skm, 5.250000, 60, 0.620846, 0.620846, 2
0, skm, 5.250000, 61, 0.000000, 0.000000, 1
0, skm, 5.250000, 62, 1.041023, 0.102171, 191
0, skm, 5.250000, 63, 0.000000, 0.000000, 1
0, skm, 5.250000, 64, 1.101689, 0.109810, 176
0, skm, 5.250000, 65, 0.877883, 0.359999, 4
0, skm, 5.250000, 66, 1.120632, 0.117395, 196
0, skm, 5.250000, 67, 0.000000, 0.000000, 1
0, skm, 5.250000, 68, 0.638416, 0.638416, 2
0, skm, 5.250000, 69, 0.000000, 0.000000, 1
0, skm, 5.250000, 70, 1.129273, 0.109866, 152
0, skm, 5.250000, 71, 1.153467, 0.103494, 95
0, skm, 5.250000, 72, 1.149394, 0.107883, 124
0, skm, 5.250000, 73, 0.000000, 0.000000, 1
0, skm, 5.250000, 74, 0.000000, 0.000000, 1
0, skm, 5.250000, 75, 0.000000, 0.000000, 1
0, skm, 5.250000, 76, 1.171539, 0.116677, 124
0, skm, 5.250000, 77, 0.000000, 0.000000, 1
0, skm, 5.250000, 78, 1.245921, 0.122671, 94
0, skm, 5.250000, 79, 0.000000, 0.000000, 1
0, skm, 5.250000, 80, 1.207146, 0.107975, 83
0, skm, 5.250000, 81, 0.000000, 0.000000, 1
0, skm, 5.250000, 82, 0.000000, 0.000000, 1
0, skm, 5.250000, 83, 1.279806, 0.145628, 68
0, skm, 5.250000, 84, 0.000000, 0.000000, 1
0, skm, 5.250000, 85, 0.000000, 0.000000, 1
0, skm, 5.250000, 86, 1.247149, 0.446986, 9
0, skm, 5.250000, 87, 1.336007, 0.140337, 51
0, skm, 5.250000, 88, 0.000000, 0.000000, 1
0, skm, 5.250000, 89, 0.000000, 0.000000, 1
0, skm, 5.250000, 90, 1.310824, 0.171278, 88
0, skm, 5.250000, 91, 0.806587, 0.806587, 2
0, skm, 5.250000, 92, 0.000000, 0.000000, 1
0, skm, 5.250000, 93, 1.405009, 0.178044, 93
0, skm, 5.250000, 94, 1.566592, 0.182298, 66
0, skm, 5.250000, 95, 1.426866, 0.715404, 5
0, skm, 5.250000, 96, 1.658886, 0.502027, 13
0, skm, 5.250000, 97, 0.866601, 0.866601, 2
0, skm, 5.250000, 98, 1.523429, 0.298108, 84
0, skm, 5.250000, 99, 0.000000, 0.000000, 1
0, skm, 5.250000, 100, 2.006056, 0.587742, 93
0, skm, 5.250000, 101, 1.981395, 0.581474, 87
0, skm, 5.250000, 102, 0.000000, 0.000000, 1
0, skm, 5.250000, 103, 1.860612, 0.557971, 13
0, skm, 5.250000, 104, 2.056377, 0.566981, 15
0, skm, 5.250000, 105, 1.807018, 0.292251, 45
0, skm, 5.250000, 106, 1.682382, 0.218390, 41
0, skm, 5.250000, 107, 1.748490, 0.222178, 22
0, skm, 5.250000, 108, 1.736246, 0.229926, 17
0, skm, 5.250000, 109, 1.819648, 0.290829, 32
0, skm, 5.250000, 110, 0.000000, 0.000000, 1
0, skm, 5.250000, 111, 1.807605, 0.911753, 5
0, skm, 5.250000, 112, 1.891525, 0.254472, 23
0, skm, 5.250000, 113, 1.786554, 0.377317, 10
0, skm, 5.250000, 114, 2.048491, 0.400663, 25
0, skm, 5.250000, 115, 0.000000, 0.000000, 1
0, skm, 5.250000, 116, 2.204993, 0.504712, 22
0, skm, 5.250000, 117, 1.141088, 1.141088, 2
0, skm, 5.250000, 118, 1.996000, 0.293723, 23
0, skm, 5.250000, 119, 2.193211, 0.311018, 22
0, skm, 5.250000, 120, 2.325642, 0.329615, 18
0, skm, 5.250000, 121, 2.596811, 0.793473, 13
0, skm, 5.250000, 122, 2.589431, 0.923027, 18
0, skm, 5.250000, 123, 2.175465, 0.253392, 9
0, skm, 5.250000, 124, 2.900246, 0.773120, 18
0, skm, 5.250000, 125, 3.075980, 1.071367, 11
0, skm, 5.250000, 126, 2.767497, 0.799927, 9
0, skm, 5.250000, 127, 3.009668, 0.806257, 10
0, skm, 5.250000, 128, 3.115758, 1.813422, 4
0, skm, 5.250000, 129, 3.126807, 0.568538, 10
0, skm, 5.250000, 130, 2.910305, 0.674568, 10
0, skm, 5.250000, 131, 2.669462, 0.555005, 4
0, skm, 5.250000, 132, 2.091483, 1.479632, 3
0, skm, 5.250000, 133, 2.766414, 1.646669, 4
0, skm, 5.250000, 134, 3.625679, 0.891126, 15
0, skm, 5.250000, 135, 2.634293, 0.476950, 3
0, skm, 5.250000, 136, 3.158628, 0.690966, 12
0, skm, 5.250000, 137, 2.570921, 0.280034, 4
0, skm, 5.250000, 138, 0.000000, 0.000000, 1
0, skm, 5.250000, 139, 2.877807, 0.298420, 5
0, skm, 5.250000, 140, 0.000000, 0.000000, 1
0, skm, 5.250000, 141, 2.602747, 0.923215, 3
0, skm, 5.250000, 142, 2.809375, 0.402529, 5
0, skm, 5.250000, 143, 2.736720, 1.954574, 3
0, skm, 5.250000, 144, 3.844257, 1.402285, 4
0, skm, 5.250000, 145, 2.905363, 2.056453, 3
0, skm, 5.250000, 146, 2.649182, 0.298678, 3
0, skm, 5.250000, 147, 2.016729, 0.000000, 2
0, skm, 5.250000, 148, 3.126887, 0.584450, 5
0, skm, 5.250000, 149, 3.893034, 1.120705, 5
0, skm, 5.250000, 150, 0.000000, 0.000000, 1
0, skm, 5.250000, 151, 3.504692, 1.245866, 3
0, skm, 5.250000, 152, 0.000000, 0.000000, 1
0, skm, 5.250000, 153, 2.948567, 0.810122, 5
0, skm, 5.250000, 154, 2.920291, 0.000000, 2
0, skm, 5.250000, 155, 0.000000, 0.000000, 1
0, skm, 5.250000, 156, 0.000000, 0.000000, 1
0, skm, 5.250000, 157, 0.000000, 0.000000, 1
0, skm, 5.250000, 158, 0.000000, 0.000000, 1
0, skm, 5.250000, 159, 4.174240, 0.000000, 2
0, skm, 5.250000, 160, 0.000000, 0.000000, 1
0, skm, 5.250000, 161, 4.149932, 0.834922, 3
0, skm, 5.250000, 162, 4.682704, 1.266931, 5
0, skm, 5.250000, 163, 3.493586, 0.000000, 2
0, skm, 5.250000, 164, 3.490218, 0.000000, 2
0, skm, 5.250000, 165, 0.000000, 0.000000, 1
0, skm, 5.250000, 166, 4.840828, 1.570508, 5
0, skm, 5.250000, 167, 0.000000, 0.000000, 1
0, skm, 5.250000, 168, 4.650315, 0.797828, 4
0, skm, 5.250000, 169, 3.474315, 0.198253, 3
0, skm, 5.250000, 170, 0.000000, 0.000000, 1
0, skm, 5.250000, 171, 4.097905, 0.040580, 3
0, skm, 5.250000, 172, 0.000000, 0.000000, 1
0, skm, 5.250000, 173, 0.000000, 0.000000, 1
0, skm, 5.250000, 174, 0.000000, 0.000000, 1
0, skm, 5.250000, 175, 0.000000, 0.000000, 1
0, skm, 5.250000, 176, 3.100786, 0.000000, 2
0, skm, 5.250000, 177, 0.000000, 0.000000, 1
0, skm, 5.250000, 178, 0.000000, 0.000000, 1
0, skm, 5.250000, 179, 0.000000, 0.000000, 1
0, skm, 5.250000, 180, 0.000000, 0.000000, 1
0, skm, 5.250000, 181, 0.000000, 0.000000, 1
0, skm, 5.250000, 182, 4.603371, 0.000000, 2
0, skm, 5.250000, 183, 5.141840, 0.000000, 2
0, skm, 5.250000, 184, 1.320634, 0.000000, 2
0, skm, 5.250000, 185, 4.819254, 1.709655, 3
0, skm, 5.250000, 186, 0.108682, 0.000000, 2
0, skm, 5.250000, 187, 2.233028, 0.000000, 2
0, skm, 5.250000, 188, 0.000000, 0.000000, 1
0, skm, 5.250000, 189, 0.000000, 0.000000, 1
0, skm, 5.250000, 190, 0.869876, 0.074112, 149
0, skm, 5.250000, 191, 0.646806, 0.090451, 972
1, km, 123.046000, 0, 0.797406, 0.146486, 1384
1, km, 123.046000, 1, 0.746337, 0.210193, 2038
1, km, 123.046000, 2, 0.814783, 0.450501, 1650
1, km, 123.046000, 3, 104.234625, 79.623588, 18
1, km, 123.046000, 4, 0.734749, 0.259007, 2064
1, km, 123.046000, 5, 0.891704, 0.130887, 865
1, km, 123.046000, 6, 0.856046, 0.132314, 935
1, km, 123.046000, 7, 7.335311, 4.909966, 432
1, km, 123.046000, 8, 1.220156, 0.300506, 721
1, km, 123.046000, 9, 52.583373, 37.367106, 43
1, km, 123.046000, 10, 3.826978, 2.281670, 687
1, km, 123.046000, 11, 14.906276, 10.919195, 221
1, km, 123.046000, 12, 33.994970, 25.310744, 106
1, km, 123.046000, 13, 0.777458, 0.159008, 1610
1, km, 123.046000, 14, 1.540339, 0.556955, 741
1, km, 123.046000, 15, 2.233750, 1.033459, 752
1, km, 123.046000, 16, 1.050975, 0.208546, 744
1, km, 123.046000, 17, 0.832575, 0.140086, 1171
1, km, 123.046000, 18, 0.949311, 0.159639, 769
1, km, 123.046000, 19, 0.768112, 0.183293, 1877
1, bkm, 39.450000, 0, 51.594475, 27.907644, 14
1, bkm, 39.450000, 1, 1.004532, 0.405478, 3259
1, bkm, 39.450000, 2, 30.713432, 22.205071, 21
1, bkm, 39.450000, 3, 13.356927, 6.851539, 70
1, bkm, 39.450000, 4, 63.295860, 15.480055, 7
1, bkm, 39.450000, 5, 6.676032, 3.851420, 224
1, bkm, 39.450000, 6, 3.445911, 1.697128, 684
1, bkm, 39.450000, 7, 1.550392, 0.618599, 2366
1, bkm, 39.450000, 8, 1.037955, 0.579357, 2623
1, bkm, 39.450000, 9, 9.282545, 5.606249, 128
1, bkm, 39.450000, 10, 0.000000, 0.000000, 1
1, bkm, 39.450000, 11, 2.004593, 0.856825, 1692
1, bkm, 39.450000, 12, 18.198107, 11.829833, 15
1, bkm, 39.450000, 13, 15.096823, 9.312158, 41
1, bkm, 39.450000, 14, 1.121074, 0.419176, 3286
1, bkm, 39.450000, 15, 4.841494, 2.286897, 351
1, bkm, 39.450000, 16, 1.279539, 0.479160, 2984
1, bkm, 39.450000, 17, 18.691166, 11.941154, 8
1, bkm, 39.450000, 18, 13.350880, 7.334539, 13
1, bkm, 39.450000, 19, 2.575574, 1.198255, 1041
1, skm, 5.217000, 0, 0.484118, 0.284338, 295
1, skm, 5.217000, 1, 0.436818, 0.118644, 443
1, skm, 5.217000, 2, 0.432718, 0.108095, 609
1, skm, 5.217000, 3, 0.000000, 0.000000, 1
1, skm, 5.217000, 4, 0.412882, 0.060065, 456
1, skm, 5.217000, 5, 0.532207, 0.047568, 259
1, skm, 5.217000, 6, 0.459314, 0.055585, 680
1, skm, 5.217000, 7, 0.475239, 0.038744, 399
1, skm, 5.217000, 8, 0.265935, 0.265935, 2
1, skm, 5.217000, 9, 0.492846, 0.063398, 641
1, skm, 5.217000, 10, 0.000000, 0.000000, 1
1, skm, 5.217000, 11, 0.534657, 0.073076, 923
1, skm, 5.217000, 12, 0.000000, 0.000000, 1
1, skm, 5.217000, 13, 0.561123, 0.064566, 853
1, skm, 5.217000, 14, 0.352695, 0.352695, 2
1, skm, 5.217000, 15, 0.585664, 0.062720, 809
1, skm, 5.217000, 16, 0.598523, 0.063021, 820
1, skm, 5.217000, 17, 0.000000, 0.000000, 1
1, skm, 5.217000, 18, 0.000000, 0.000000, 1
1, skm, 5.217000, 19, 0.471316, 0.333297, 3
1, skm, 5.217000, 20, 0.637838, 0.059027, 743
1, skm, 5.217000, 21, 0.517398, 0.367784, 3
1, skm, 5.217000, 22, 0.000000, 0.000000, 1
1, skm, 5.217000, 23, 0.662126, 0.068163, 756
1, skm, 5.217000, 24, 0.000000, 0.000000, 1
1, skm, 5.217000, 25, 0.688445, 0.072586, 813
1, skm, 5.217000, 26, 0.643444, 0.288014, 6
1, skm, 5.217000, 27, 0.733069, 0.072789, 718
1, skm, 5.217000, 28, 0.399353, 0.399353, 2
1, skm, 5.217000, 29, 0.767440, 0.098928, 808
1, skm, 5.217000, 30, 0.000000, 0.000000, 1
1, skm, 5.217000, 31, 0.491871, 0.491871, 2
1, skm, 5.217000, 32, 0.900404, 0.237180, 16
1, skm, 5.217000, 33, 0.900318, 0.149023, 42
1, skm, 5.217000, 34, 0.795828, 0.089655, 707
1, skm, 5.217000, 35, 0.464385, 0.464385, 2
1, skm, 5.217000, 36, 0.852452, 0.213716, 18
1, skm, 5.217000, 37, 0.839704, 0.075492, 595
1, skm, 5.217000, 38, 0.000000, 0.000000, 1
1, skm, 5.217000, 39, 0.000000, 0.000000, 1
1, skm, 5.217000, 40, 0.817652, 0.071451, 403
1, skm, 5.217000, 41, 0.000000, 0.000000, 1
1, skm, 5.217000, 42, 0.885703, 0.083577, 345
1, skm, 5.217000, 43, 0.511293, 0.511293, 2
1, skm, 5.217000, 44, 0.000000, 0.000000, 1
1, skm, 5.217000, 45, 0.903213, 0.083447, 403
1, skm, 5.217000, 46, 0.000000, 0.000000, 1
1, skm, 5.217000, 47, 0.999965, 0.097863, 333
1, skm, 5.217000, 48, 1.097915, 0.190422, 40
1, skm, 5.217000, 49, 1.004388, 0.141001, 450
1, skm, 5.217000, 50, 1.174898, 0.376479, 11
1, skm, 5.217000, 51, 1.044341, 0.131385, 374
1, skm, 5.217000, 52, 0.716296, 0.506977, 3
1, skm, 5.217000, 53, 1.036332, 0.105055, 256
1, skm, 5.217000, 54, 0.000000, 0.000000, 1
1, skm, 5.217000, 55, 0.877000, 0.513448, 4
1, skm, 5.217000, 56, 1.040084, 0.112036, 226
1, skm, 5.217000, 57, 1.155395, 0.110428, 160
1, skm, 5.217000, 58, 1.087239, 0.114250, 168
1, skm, 5.217000, 59, 1.148757, 0.102544, 154
1, skm, 5.217000, 60, 1.126005, 0.116711, 141
1, skm, 5.217000, 61, 0.000000, 0.000000, 1
1, skm, 5.217000, 62, 1.189173, 0.113135, 97
1, skm, 5.217000, 63, 1.274637, 0.172338, 175
1, skm, 5.217000, 64, 0.000000, 0.000000, 1
1, skm, 5.217000, 65, 1.330973, 0.181579, 167
1, skm, 5.217000, 66, 1.388808, 0.531954, 8
1, skm, 5.217000, 67, 1.488477, 0.485608, 11
1, skm, 5.217000, 68, 1.576936, 0.206336, 81
1, skm, 5.217000, 69, 1.396854, 0.169488, 109
1, skm, 5.217000, 70, 0.000000, 0.000000, 1
1, skm, 5.217000, 71, 1.339164, 0.164490, 91
1, skm, 5.217000, 72, 1.418744, 0.160485, 84
1, skm, 5.217000, 73, 0.000000, 0.000000, 1
1, skm, 5.217000, 74, 1.549627, 0.353641, 22
1, skm, 5.217000, 75, 1.433042, 0.163256, 59
1, skm, 5.217000, 76, 1.449501, 0.158886, 68
1, skm, 5.217000, 77, 1.488941, 0.180024, 44
1, skm, 5.217000, 78, 1.889464, 0.407141, 53
1, skm, 5.217000, 79, 1.784734, 0.388806, 72
1, skm, 5.217000, 80, 1.911952, 0.425281, 24
1, skm, 5.217000, 81, 0.000000, 0.000000, 1
1, skm, 5.217000, 82, 1.831934, 0.274806, 61
1, skm, 5.217000, 83, 1.760515, 0.265398, 23
1, skm, 5.217000, 84, 1.822915, 0.287039, 62
1, skm, 5.217000, 85, 1.906253, 0.408681, 47
1, skm, 5.217000, 86, 0.000000, 0.000000, 1
1, skm, 5.217000, 87, 1.813715, 0.331297, 20
1, skm, 5.217000, 88, 1.749789, 0.194848, 18
1, skm, 5.217000, 89, 2.173514, 0.661735, 13
1, skm, 5.217000, 90, 1.896550, 0.332651, 19
1, skm, 5.217000, 91, 2.039514, 0.345088, 18
1, skm, 5.217000, 92, 2.404411, 0.444196, 30
1, skm, 5.217000, 93, 2.691882, 0.619174, 24
1, skm, 5.217000, 94, 2.569197, 0.883366, 10
1, skm, 5.217000, 95, 0.000000, 0.000000, 1
1, skm, 5.217000, 96, 2.386682, 0.423408, 14
1, skm, 5.217000, 97, 2.728342, 0.919054, 22
1, skm, 5.217000, 98, 3.172663, 0.680300, 25
1, skm, 5.217000, 99, 2.953981, 0.863621, 17
1, skm, 5.217000, 100, 2.782039, 0.696408, 12
1, skm, 5.217000, 101, 2.910865, 1.478505, 5
1, skm, 5.217000, 102, 2.427326, 0.379702, 7
1, skm, 5.217000, 103, 2.396266, 0.422296, 6
1, skm, 5.217000, 104, 2.975656, 0.317787, 8
1, skm, 5.217000, 105, 2.465380, 0.582962, 5
1, skm, 5.217000, 106, 2.886801, 1.691550, 4
1, skm, 5.217000, 107, 2.985863, 0.881903, 12
1, skm, 5.217000, 108, 3.307456, 0.882071, 14
1, skm, 5.217000, 109, 3.324238, 0.899497, 10
1, skm, 5.217000, 110, 0.000000, 0.000000, 1
1, skm, 5.217000, 111, 2.794518, 1.990345, 3
1, skm, 5.217000, 112, 3.723615, 0.933000, 5
1, skm, 5.217000, 113, 4.467719, 1.439008, 9
1, skm, 5.217000, 114, 3.453078, 0.997133, 4
1, skm, 5.217000, 115, 2.016729, 2.016729, 2
1, skm, 5.217000, 116, 0.000000, 0.000000, 1
1, skm, 5.217000, 117, 2.957221, 0.458974, 4
1, skm, 5.217000, 118, 5.133852, 1.709981, 9
1, skm, 5.217000, 119, 0.000000, 0.000000, 1
1, skm, 5.217000, 120, 2.948567, 0.810122, 5
1, skm, 5.217000, 121, 2.920291, 0.000000, 2
1, skm, 5.217000, 122, 0.000000, 0.000000, 1
1, skm, 5.217000, 123, 2.474466, 0.000000, 2
1, skm, 5.217000, 124, 2.571203, 0.000000, 2
1, skm, 5.217000, 125, 0.000000, 0.000000, 1
1, skm, 5.217000, 126, 4.081239, 0.769573, 4
1, skm, 5.217000, 127, 4.682704, 1.266931, 5
1, skm, 5.217000, 128, 3.493586, 0.000000, 2
1, skm, 5.217000, 129, 0.000000, 0.000000, 1
1, skm, 5.217000, 130, 0.000000, 0.000000, 1
1, skm, 5.217000, 131, 0.000000, 0.000000, 1
1, skm, 5.217000, 132, 0.000000, 0.000000, 1
1, skm, 5.217000, 133, 3.660321, 0.463382, 4
1, skm, 5.217000, 134, 0.000000, 0.000000, 1
1, skm, 5.217000, 135, 2.970727, 0.000000, 2
1, skm, 5.217000, 136, 3.474779, 0.000000, 2
1, skm, 5.217000, 137, 3.474315, 0.198253, 3
1, skm, 5.217000, 138, 0.000000, 0.000000, 1
1, skm, 5.217000, 139, 4.097905, 0.040580, 3
1, skm, 5.217000, 140, 0.000000, 0.000000, 1
1, skm, 5.217000, 141, 0.000000, 0.000000, 1
1, skm, 5.217000, 142, 0.000000, 0.000000, 1
1, skm, 5.217000, 143, 0.000000, 0.000000, 1
1, skm, 5.217000, 144, 3.100786, 0.000000, 2
1, skm, 5.217000, 145, 0.000000, 0.000000, 1
1, skm, 5.217000, 146, 0.000000, 0.000000, 1
1, skm, 5.217000, 147, 0.000000, 0.000000, 1
1, skm, 5.217000, 148, 0.000000, 0.000000, 1
1, skm, 5.217000, 149, 0.000000, 0.000000, 1
1, skm, 5.217000, 150, 0.000000, 0.000000, 1
1, skm, 5.217000, 151, 0.000000, 0.000000, 1
1, skm, 5.217000, 152, 0.000000, 0.000000, 1
1, skm, 5.217000, 153, 0.000000, 0.000000, 1
1, skm, 5.217000, 154, 1.320634, 0.000000, 2
1, skm, 5.217000, 155, 4.819254, 1.709655, 3
1, skm, 5.217000, 156, 0.108682, 0.000000, 2
1, skm, 5.217000, 157, 2.233028, 0.000000, 2
1, skm, 5.217000, 158, 0.000000, 0.000000, 1
1, skm, 5.217000, 159, 0.848661, 0.072328, 475
1, skm, 5.217000, 160, 0.619022, 0.053226, 655
2, km, 155.480000, 0, 6.493550, 4.137285, 530
2, km, 155.480000, 1, 0.705850, 0.124934, 1375
2, km, 155.480000, 2, 0.768233, 0.418045, 1439
2, km, 155.480000, 3, 0.689229, 0.233345, 1864
2, km, 155.480000, 4, 0.725374, 0.113840, 1262
2, km, 155.480000, 5, 104.806188, 83.662064, 19
2, km, 155.480000, 6, 0.753898, 0.114641, 1176
2, km, 155.480000, 7, 14.297924, 9.891530, 307
2, km, 155.480000, 8, 1.179180, 0.296654, 886
2, km, 155.480000, 9, 0.860089, 0.136975, 993
2, km, 155.480000, 10, 3.215201, 1.762313, 766
2, km, 155.480000, 11, 0.685430, 0.182005, 1795
2, km, 155.480000, 12, 30.390605, 22.409224, 123
2, km, 155.480000, 13, 0.806339, 0.120888, 1103
2, km, 155.480000, 14, 61.746648, 40.476108, 51
2, km, 155.480000, 15, 1.440644, 0.462619, 843
2, km, 155.480000, 16, 1.997631, 0.834413, 770
2, km, 155.480000, 17, 1.022400, 0.208634, 899
2, km, 155.480000, 18, 0.932566, 0.165504, 1013
2, km, 155.480000, 19, 0.685026, 0.148426, 1614
2, bkm, 47.089000, 0, 18.928829, 5.506833, 5
2, bkm, 47.089000, 1, 1.448775, 0.807613, 4426
2, bkm, 47.089000, 2, 7.004697, 3.672788, 221
2, bkm, 47.089000, 3, 19.010973, 10.795944, 16
2, bkm, 47.089000, 4, 3.905525, 1.969897, 892
2, bkm, 47.089000, 5, 17.795074, 9.978546, 10
2, bkm, 47.089000, 6, 1.871985, 0.834936, 957
2, bkm, 47.089000, 7, 1.820693, 0.758003, 2408
2, bkm, 47.089000, 8, 1.413492, 0.626065, 4660
2, bkm, 47.089000, 9, 14.841504, 7.564636, 48
2, bkm, 47.089000, 10, 54.176073, 75.334518, 5
2, bkm, 47.089000, 11, 11.018815, 5.860333, 60
2, bkm, 47.089000, 12, 2.812051, 1.685736, 905
2, bkm, 47.089000, 13, 20.927268, 10.086912, 25
2, bkm, 47.089000, 14, 8.782833, 5.171253, 120
2, bkm, 47.089000, 15, 5.123499, 2.446484, 372
2, bkm, 47.089000, 16, 1.552752, 0.655321, 3675
2, bkm, 47.089000, 17, 9.626919, 2.837293, 5
2, bkm, 47.089000, 18, 13.166001, 7.410667, 4
2, bkm, 47.089000, 19, 15.965061, 8.374844, 14
2, skm, 6.338000, 0, 0.362415, 0.134230, 107
2, skm, 6.338000, 1, 0.511294, 0.203138, 486
2, skm, 6.338000, 2, 0.506858, 0.155583, 897
2, skm, 6.338000, 3, 0.524675, 0.042922, 288
2, skm, 6.338000, 4, 0.573486, 0.181138, 1160
2, skm, 6.338000, 5, 0.608942, 0.154939, 1220
2, skm, 6.338000, 6, 0.514093, 0.232682, 6
2, skm, 6.338000, 7, 0.584342, 0.044853, 450
2, skm, 6.338000, 8, 0.563446, 0.044164, 590
2, skm, 6.338000, 9, 0.576499, 0.056567, 770
2, skm, 6.338000, 10, 0.617230, 0.089239, 1021
2, skm, 6.338000, 11, 0.784317, 0.102241, 68
2, skm, 6.338000, 12, 0.758194, 0.062482, 314
2, skm, 6.338000, 13, 0.669662, 0.068252, 808
2, skm, 6.338000, 14, 0.000000, 0.000000, 1
2, skm, 6.338000, 15, 0.691716, 0.076414, 848
2, skm, 6.338000, 16, 0.000000, 0.000000, 1
2, skm, 6.338000, 17, 0.732432, 0.260464, 9
2, skm, 6.338000, 18, 0.743589, 0.078824, 846
2, skm, 6.338000, 19, 0.745206, 0.072255, 617
2, skm, 6.338000, 20, 0.000000, 0.000000, 1
2, skm, 6.338000, 21, 0.276896, 0.000000, 2
2, skm, 6.338000, 22, 0.000000, 0.000000, 1
2, skm, 6.338000, 23, 0.752007, 0.068932, 524
2, skm, 6.338000, 24, 0.000000, 0.000000, 1
2, skm, 6.338000, 25, 0.766217, 0.061656, 327
2, skm, 6.338000, 26, 0.808212, 0.057890, 277
2, skm, 6.338000, 27, 0.800840, 0.074071, 482
2, skm, 6.338000, 28, 0.884513, 0.100148, 526
2, skm, 6.338000, 29, 0.000000, 0.000000, 1
2, skm, 6.338000, 30, 0.901940, 0.074907, 307
2, skm, 6.338000, 31, 0.923843, 0.110104, 426
2, skm, 6.338000, 32, 1.122077, 0.183936, 46
2, skm, 6.338000, 33, 1.059691, 0.354925, 10
2, skm, 6.338000, 34, 0.987960, 0.119769, 408
2, skm, 6.338000, 35, 1.007704, 0.119553, 365
2, skm, 6.338000, 36, 1.030762, 0.100813, 262
2, skm, 6.338000, 37, 1.117143, 0.118976, 203
2, skm, 6.338000, 38, 0.000000, 0.000000, 1
2, skm, 6.338000, 39, 1.123495, 0.154645, 260
2, skm, 6.338000, 40, 1.162626, 0.123165, 227
2, skm, 6.338000, 41, 1.164295, 0.145392, 185
2, skm, 6.338000, 42, 1.483752, 0.261383, 39
2, skm, 6.338000, 43, 1.485794, 0.232176, 51
2, skm, 6.338000, 44, 1.342253, 0.262858, 235
2, skm, 6.338000, 45, 1.359445, 0.265754, 171
2, skm, 6.338000, 46, 0.000000, 0.000000, 1
2, skm, 6.338000, 47, 1.393186, 0.158197, 98
2, skm, 6.338000, 48, 0.750886, 0.750886, 2
2, skm, 6.338000, 49, 1.103092, 0.783216, 3
2, skm, 6.338000, 50, 1.378698, 0.174493, 118
2, skm, 6.338000, 51, 1.530366, 0.340590, 132
2, skm, 6.338000, 52, 1.953407, 0.810624, 7
2, skm, 6.338000, 53, 1.757860, 0.327785, 123
2, skm, 6.338000, 54, 2.259285, 0.906589, 115
2, skm, 6.338000, 55, 3.798619, 0.878418, 25
2, skm, 6.338000, 56, 2.030028, 0.626832, 93
2, skm, 6.338000, 57, 1.929595, 0.282155, 37
2, skm, 6.338000, 58, 1.793877, 0.250673, 28
2, skm, 6.338000, 59, 0.000000, 0.000000, 1
2, skm, 6.338000, 60, 1.762476, 0.205377, 34
2, skm, 6.338000, 61, 1.746335, 0.234948, 20
2, skm, 6.338000, 62, 2.093316, 0.450711, 40
2, skm, 6.338000, 63, 2.245196, 0.554578, 46
2, skm, 6.338000, 64, 1.911881, 0.313137, 20
2, skm, 6.338000, 65, 2.196759, 0.670633, 12
2, skm, 6.338000, 66, 2.139380, 0.817356, 8
2, skm, 6.338000, 67, 2.033723, 0.257440, 15
2, skm, 6.338000, 68, 2.362281, 0.663778, 15
2, skm, 6.338000, 69, 2.307052, 0.396024, 25
2, skm, 6.338000, 70, 2.231562, 0.395686, 14
2, skm, 6.338000, 71, 2.327926, 0.432750, 18
2, skm, 6.338000, 72, 2.284780, 0.457999, 25
2, skm, 6.338000, 73, 3.168143, 0.694457, 25
2, skm, 6.338000, 74, 3.093168, 0.910692, 18
2, skm, 6.338000, 75, 3.682281, 1.483552, 17
2, skm, 6.338000, 76, 3.942437, 2.283413, 4
2, skm, 6.338000, 77, 3.328614, 1.310293, 14
2, skm, 6.338000, 78, 3.499367, 1.037614, 9
2, skm, 6.338000, 79, 3.010837, 0.775030, 13
2, skm, 6.338000, 80, 0.000000, 0.000000, 1
2, skm, 6.338000, 81, 1.605100, 1.605100, 2
2, skm, 6.338000, 82, 2.697064, 0.355709, 9
2, skm, 6.338000, 83, 2.435164, 0.582229, 3
2, skm, 6.338000, 84, 3.324238, 0.899497, 10
2, skm, 6.338000, 85, 0.000000, 0.000000, 1
2, skm, 6.338000, 86, 3.881570, 0.881682, 7
2, skm, 6.338000, 87, 3.227750, 1.008689, 5
2, skm, 6.338000, 88, 4.318932, 1.220273, 8
2, skm, 6.338000, 89, 3.531172, 2.141746, 3
2, skm, 6.338000, 90, 3.126887, 0.584450, 5
2, skm, 6.338000, 91, 3.247925, 0.605935, 4
2, skm, 6.338000, 92, 3.582782, 0.239730, 4
2, skm, 6.338000, 93, 0.000000, 0.000000, 1
2, skm, 6.338000, 94, 0.000000, 0.000000, 1
2, skm, 6.338000, 95, 2.948567, 0.810122, 5
2, skm, 6.338000, 96, 0.000000, 0.000000, 1
2, skm, 6.338000, 97, 0.000000, 0.000000, 1
2, skm, 6.338000, 98, 0.000000, 0.000000, 1
2, skm, 6.338000, 99, 2.474466, 0.000000, 2
2, skm, 6.338000, 100, 4.239616, 0.764233, 3
2, skm, 6.338000, 101, 4.081239, 0.769573, 4
2, skm, 6.338000, 102, 3.705749, 0.556512, 3
2, skm, 6.338000, 103, 0.310623, 0.000000, 2
2, skm, 6.338000, 104, 3.493586, 0.000000, 2
2, skm, 6.338000, 105, 3.490218, 0.000000, 2
2, skm, 6.338000, 106, 0.000000, 0.000000, 1
2, skm, 6.338000, 107, 0.000000, 0.000000, 1
2, skm, 6.338000, 108, 4.174211, 0.788631, 5
2, skm, 6.338000, 109, 4.650315, 0.797828, 4
2, skm, 6.338000, 110, 3.474315, 0.198253, 3
2, skm, 6.338000, 111, 0.000000, 0.000000, 1
2, skm, 6.338000, 112, 4.097905, 0.040580, 3
2, skm, 6.338000, 113, 0.000000, 0.000000, 1
2, skm, 6.338000, 114, 0.000000, 0.000000, 1
2, skm, 6.338000, 115, 0.000000, 0.000000, 1
2, skm, 6.338000, 116, 0.000000, 0.000000, 1
2, skm, 6.338000, 117, 3.100786, 0.000000, 2
2, skm, 6.338000, 118, 0.000000, 0.000000, 1
2, skm, 6.338000, 119, 0.000000, 0.000000, 1
2, skm, 6.338000, 120, 0.000000, 0.000000, 1
2, skm, 6.338000, 121, 0.000000, 0.000000, 1
2, skm, 6.338000, 122, 0.000000, 0.000000, 1
2, skm, 6.338000, 123, 0.000000, 0.000000, 1
2, skm, 6.338000, 124, 0.000000, 0.000000, 1
2, skm, 6.338000, 125, 0.000000, 0.000000, 1
2, skm, 6.338000, 126, 0.000000, 0.000000, 1
2, skm, 6.338000, 127, 1.320634, 0.000000, 2
2, skm, 6.338000, 128, 0.000000, 0.000000, 1
2, skm, 6.338000, 129, 0.350509, 0.000000, 2
2, skm, 6.338000, 130, 0.108682, 0.000000, 2
2, skm, 6.338000, 131, 2.233028, 0.000000, 2
2, skm, 6.338000, 132, 0.000000, 0.000000, 1
2, skm, 6.338000, 133, 0.815179, 0.070846, 217
2, skm, 6.338000, 134, 0.900684, 0.098313, 481
2, skm, 6.338000, 135, 0.670851, 0.080664, 977
3, km, 182.512000, 0, 0.858781, 0.108293, 662
3, km, 182.512000, 1, 63.437381, 39.299716, 52
3, km, 182.512000, 2, 0.775525, 0.133059, 1348
3, km, 182.512000, 3, 1.298488, 0.377228, 781
3, km, 182.512000, 4, 0.733417, 0.203128, 2001
3, km, 182.512000, 5, 0.714179, 0.248074, 1976
3, km, 182.512000, 6, 0.794467, 0.437615, 1558
3, km, 182.512000, 7, 0.812470, 0.114565, 917
3, km, 182.512000, 8, 0.937472, 0.146043, 698
3, km, 182.512000, 9, 13.559009, 9.755633, 357
3, km, 182.512000, 10, 1.845576, 0.798327, 839
3, km, 182.512000, 11, 110.018001, 85.218604, 21
3, km, 182.512000, 12, 0.746936, 0.174204, 1820
3, km, 182.512000, 13, 30.904222, 23.301108, 136
3, km, 182.512000, 14, 2.952069, 1.554180, 859
3, km, 182.512000, 15, 5.878743, 3.917423, 631
3, km, 182.512000, 16, 1.050072, 0.213177, 722
3, km, 182.512000, 17, 0.789546, 0.117562, 1081
3, km, 182.512000, 18, 0.842533, 0.110324, 842
3, km, 182.512000, 19, 0.754851, 0.152574, 1527
3, bkm, 54.113000, 0, 10.358605, 5.952514, 104
3, bkm, 54.113000, 1, 1.316237, 0.523611, 3595
3, bkm, 54.113000, 2, 3.645599, 1.816068, 460
3, bkm, 54.113000, 3, 13.350880, 7.334539, 13
3, bkm, 54.113000, 4, 63.295860, 15.480055, 7
3, bkm, 54.113000, 5, 16.439656, 7.115071, 14
3, bkm, 54.113000, 6, 1.235957, 0.688237, 3488
3, bkm, 54.113000, 7, 15.051256, 8.744113, 70
3, bkm, 54.113000, 8, 30.713432, 22.205071, 21
3, bkm, 54.113000, 9, 51.594475, 27.907644, 14
3, bkm, 54.113000, 10, 2.715528, 1.217278, 734
3, bkm, 54.113000, 11, 12.761163, 5.804719, 10
3, bkm, 54.113000, 12, 1.830499, 0.763151, 1839
3, bkm, 54.113000, 13, 0.000000, 0.000000, 1
3, bkm, 54.113000, 14, 1.214396, 0.523819, 4090
3, bkm, 54.113000, 15, 1.529129, 0.613826, 2752
3, bkm, 54.113000, 16, 21.137590, 10.995234, 22
3, bkm, 54.113000, 17, 5.204913, 2.618343, 294
3, bkm, 54.113000, 18, 7.186745, 3.687154, 155
3, bkm, 54.113000, 19, 2.267365, 0.955576, 1145
3, skm, 6.904000, 0, 0.407063, 0.164546, 174
3, skm, 6.904000, 1, 0.481608, 0.169198, 624
3, skm, 6.904000, 2, 0.563581, 0.171205, 1246
3, skm, 6.904000, 3, 0.576389, 0.149198, 1215
3, skm, 6.904000, 4, 0.544074, 0.055160, 781
3, skm, 6.904000, 5, 0.526272, 0.058111, 755
3, skm, 6.904000, 6, 0.528643, 0.049202, 697
3, skm, 6.904000, 7, 0.000000, 0.000000, 1
3, skm, 6.904000, 8, 0.580520, 0.062010, 754
3, skm, 6.904000, 9, 0.620359, 0.076040, 944
3, skm, 6.904000, 10, 0.645172, 0.061811, 739
3, skm, 6.904000, 11, 0.000000, 0.000000, 1
3, skm, 6.904000, 12, 0.670301, 0.057001, 567
3, skm, 6.904000, 13, 0.000000, 0.000000, 1
3, skm, 6.904000, 14, 0.000000, 0.000000, 1
3, skm, 6.904000, 15, 0.698391, 0.072957, 782
3, skm, 6.904000, 16, 0.438557, 0.438557, 2
3, skm, 6.904000, 17, 0.699785, 0.248575, 9
3, skm, 6.904000, 18, 0.615774, 0.357519, 4
3, skm, 6.904000, 19, 0.739303, 0.081923, 787
3, skm, 6.904000, 20, 0.793869, 0.120484, 930
3, skm, 6.904000, 21, 0.903057, 0.294852, 11
3, skm, 6.904000, 22, 0.822637, 0.105562, 710
3, skm, 6.904000, 23, 0.847217, 0.065871, 335
3, skm, 6.904000, 24, 0.000000, 0.000000, 1
3, skm, 6.904000, 25, 0.472122, 0.472122, 2
3, skm, 6.904000, 26, 0.804859, 0.075276, 488
3, skm, 6.904000, 27, 0.000000, 0.000000, 1
3, skm, 6.904000, 28, 0.905569, 0.074334, 210
3, skm, 6.904000, 29, 0.000000, 0.000000, 1
3, skm, 6.904000, 30, 0.880033, 0.085798, 465
3, skm, 6.904000, 31, 0.958587, 0.081339, 266
3, skm, 6.904000, 32, 0.635604, 0.453104, 3
3, skm, 6.904000, 33, 0.000000, 0.000000, 1
3, skm, 6.904000, 34, 0.000000, 0.000000, 1
3, skm, 6.904000, 35, 0.899310, 0.097910, 420
3, skm, 6.904000, 36, 0.000000, 0.000000, 1
3, skm, 6.904000, 37, 1.042699, 0.103638, 116
3, skm, 6.904000, 38, 0.978646, 0.090821, 349
3, skm, 6.904000, 39, 0.000000, 0.000000, 1
3, skm, 6.904000, 40, 0.972410, 0.110673, 348
3, skm, 6.904000, 41, 0.775869, 0.550251, 3
3, skm, 6.904000, 42, 1.033941, 0.120898, 339
3, skm, 6.904000, 43, 0.000000, 0.000000, 1
3, skm, 6.904000, 44, 1.322640, 0.418061, 506
3, skm, 6.904000, 45, 1.458044, 0.398954, 421
3, skm, 6.904000, 46, 1.235413, 0.183427, 221
3, skm, 6.904000, 47, 1.207164, 0.148876, 175
3, skm, 6.904000, 48, 0.000000, 0.000000, 1
3, skm, 6.904000, 49, 1.288538, 0.127932, 104
3, skm, 6.904000, 50, 0.000000, 0.000000, 1
3, skm, 6.904000, 51, 1.228933, 0.145806, 118
3, skm, 6.904000, 52, 1.385746, 0.181817, 28
3, skm, 6.904000, 53, 0.720108, 0.720108, 2
3, skm, 6.904000, 54, 0.000000, 0.000000, 1
3, skm, 6.904000, 55, 0.736896, 0.736896, 2
3, skm, 6.904000, 56, 0.000000, 0.000000, 1
3, skm, 6.904000, 57, 1.440981, 0.297206, 150
3, skm, 6.904000, 58, 1.574622, 0.295633, 155
3, skm, 6.904000, 59, 1.502757, 0.242565, 101
3, skm, 6.904000, 60, 1.467693, 0.610172, 7
3, skm, 6.904000, 61, 1.527729, 0.187787, 75
3, skm, 6.904000, 62, 0.000000, 0.000000, 1
3, skm, 6.904000, 63, 1.606076, 0.290318, 60
3, skm, 6.904000, 64, 1.860635, 0.266767, 45
3, skm, 6.904000, 65, 0.000000, 0.000000, 1
3, skm, 6.904000, 66, 1.667878, 0.284044, 61
3, skm, 6.904000, 67, 1.756155, 0.240519, 50
3, skm, 6.904000, 68, 1.765351, 0.382780, 48
3, skm, 6.904000, 69, 0.000000, 0.000000, 1
3, skm, 6.904000, 70, 1.752743, 0.336176, 53
3, skm, 6.904000, 71, 1.832988, 0.764816, 7
3, skm, 6.904000, 72, 2.171777, 0.702032, 12
3, skm, 6.904000, 73, 0.000000, 0.000000, 1
3, skm, 6.904000, 74, 2.040883, 0.404564, 44
3, skm, 6.904000, 75, 1.833013, 0.262567, 25
3, skm, 6.904000, 76, 1.777183, 0.319495, 13
3, skm, 6.904000, 77, 2.052401, 0.703887, 10
3, skm, 6.904000, 78, 1.982250, 0.998599, 5
3, skm, 6.904000, 79, 2.177533, 0.581887, 26
3, skm, 6.904000, 80, 2.146440, 0.572914, 25
3, skm, 6.904000, 81, 2.028685, 0.311866, 11
3, skm, 6.904000, 82, 2.234398, 0.446901, 12
3, skm, 6.904000, 83, 2.091537, 0.427253, 10
3, skm, 6.904000, 84, 2.611984, 0.646893, 26
3, skm, 6.904000, 85, 3.142396, 0.810721, 36
3, skm, 6.904000, 86, 2.605759, 0.631443, 14
3, skm, 6.904000, 87, 1.952099, 0.266368, 4
3, skm, 6.904000, 88, 2.643823, 0.599937, 12
3, skm, 6.904000, 89, 2.976786, 0.848404, 10
3, skm, 6.904000, 90, 3.393926, 1.233697, 9
3, skm, 6.904000, 91, 3.485481, 0.806838, 15
3, skm, 6.904000, 92, 2.719073, 0.838255, 7
3, skm, 6.904000, 93, 3.121859, 0.614127, 6
3, skm, 6.904000, 94, 3.007071, 0.600390, 12
3, skm, 6.904000, 95, 0.000000, 0.000000, 1
3, skm, 6.904000, 96, 3.307456, 0.882071, 14
3, skm, 6.904000, 97, 2.730176, 0.407442, 6
3, skm, 6.904000, 98, 2.879798, 0.362946, 4
3, skm, 6.904000, 99, 2.716204, 1.925920, 3
3, skm, 6.904000, 100, 0.000000, 0.000000, 1
3, skm, 6.904000, 101, 3.131469, 0.612423, 6
3, skm, 6.904000, 102, 4.289669, 1.091938, 8
3, skm, 6.904000, 103, 3.097655, 0.540121, 4
3, skm, 6.904000, 104, 2.016729, 0.000000, 2
3, skm, 6.904000, 105, 3.126887, 0.584450, 5
3, skm, 6.904000, 106, 3.921513, 1.034930, 6
3, skm, 6.904000, 107, 3.271552, 0.223789, 3
3, skm, 6.904000, 108, 0.000000, 0.000000, 1
3, skm, 6.904000, 109, 0.000000, 0.000000, 1
3, skm, 6.904000, 110, 3.014765, 0.350800, 4
3, skm, 6.904000, 111, 2.920291, 2.920291, 2
3, skm, 6.904000, 112, 0.000000, 0.000000, 1
3, skm, 6.904000, 113, 2.474466, 0.000000, 2
3, skm, 6.904000, 114, 2.571203, 0.000000, 2
3, skm, 6.904000, 115, 0.000000, 0.000000, 1
3, skm, 6.904000, 116, 0.000000, 0.000000, 1
3, skm, 6.904000, 117, 0.000000, 0.000000, 1
3, skm, 6.904000, 118, 2.845475, 0.000000, 2
3, skm, 6.904000, 119, 3.705749, 0.556512, 3
3, skm, 6.904000, 120, 3.456428, 1.231119, 3
3, skm, 6.904000, 121, 0.000000, 0.000000, 1
3, skm, 6.904000, 122, 3.490218, 0.000000, 2
3, skm, 6.904000, 123, 0.000000, 0.000000, 1
3, skm, 6.904000, 124, 0.000000, 0.000000, 1
3, skm, 6.904000, 125, 3.660321, 0.463382, 4
3, skm, 6.904000, 126, 0.000000, 0.000000, 1
3, skm, 6.904000, 127, 0.000000, 0.000000, 1
3, skm, 6.904000, 128, 4.338447, 0.564042, 3
3, skm, 6.904000, 129, 0.000000, 0.000000, 1
3, skm, 6.904000, 130, 3.190282, 0.000000, 2
3, skm, 6.904000, 131, 0.000000, 0.000000, 1
3, skm, 6.904000, 132, 4.097905, 0.040580, 3
3, skm, 6.904000, 133, 0.000000, 0.000000, 1
3, skm, 6.904000, 134, 0.000000, 0.000000, 1
3, skm, 6.904000, 135, 0.000000, 0.000000, 1
3, skm, 6.904000, 136, 0.000000, 0.000000, 1
3, skm, 6.904000, 137, 3.100786, 0.000000, 2
3, skm, 6.904000, 138, 0.000000, 0.000000, 1
3, skm, 6.904000, 139, 0.000000, 0.000000, 1
3, skm, 6.904000, 140, 0.000000, 0.000000, 1
3, skm, 6.904000, 141, 0.000000, 0.000000, 1
3, skm, 6.904000, 142, 0.000000, 0.000000, 1
3, skm, 6.904000, 143, 0.000000, 0.000000, 1
3, skm, 6.904000, 144, 0.000000, 0.000000, 1
3, skm, 6.904000, 145, 0.000000, 0.000000, 1
3, skm, 6.904000, 146, 0.000000, 0.000000, 1
3, skm, 6.904000, 147, 1.320634, 0.000000, 2
3, skm, 6.904000, 148, 0.000000, 0.000000, 1
3, skm, 6.904000, 149, 0.350509, 0.000000, 2
3, skm, 6.904000, 150, 0.108682, 0.000000, 2
3, skm, 6.904000, 151, 2.233028, 0.000000, 2
3, skm, 6.904000, 152, 0.000000, 0.000000, 1
3, skm, 6.904000, 153, 0.657726, 0.067163, 867
4, km, 146.219000, 0, 27.206780, 19.330716, 194
4, km, 146.219000, 1, 0.749925, 0.091337, 899
4, km, 146.219000, 2, 0.680475, 0.358944, 1029
4, km, 146.219000, 3, 0.636145, 0.128922, 1457
4, km, 146.219000, 4, 0.605537, 0.191908, 1470
4, km, 146.219000, 5, 0.621973, 0.156521, 1541
4, km, 146.219000, 6, 119.544856, 93.598191, 29
4, km, 146.219000, 7, 1.629999, 0.663944, 1163
4, km, 146.219000, 8, 0.702937, 0.097694, 1145
4, km, 146.219000, 9, 1.182962, 0.336728, 1062
4, km, 146.219000, 10, 0.788414, 0.098566, 882
4, km, 146.219000, 11, 10.068617, 7.283195, 461
4, km, 146.219000, 12, 0.650492, 0.116335, 1356
4, km, 146.219000, 13, 67.930796, 42.296456, 67
4, km, 146.219000, 14, 0.722106, 0.093804, 1035
4, km, 146.219000, 15, 4.693945, 2.988560, 885
4, km, 146.219000, 16, 2.658500, 1.398947, 1112
4, km, 146.219000, 17, 0.848586, 0.124246, 874
4, km, 146.219000, 18, 0.952534, 0.189886, 930
4, km, 146.219000, 19, 0.685193, 0.105667, 1237
4, bkm, 44.491000, 0, 1.250197, 0.696803, 3550
4, bkm, 44.491000, 1, 8.646578, 4.253252, 56
4, bkm, 44.491000, 2, 1.819044, 0.747676, 1758
4, bkm, 44.491000, 3, 21.908097, 14.426936, 13
4, bkm, 44.491000, 4, 10.294324, 5.588724, 49
4, bkm, 44.491000, 5, 18.928829, 5.506833, 5
4, bkm, 44.491000, 6, 5.135432, 2.599477, 151
4, bkm, 44.491000, 7, 31.629908, 11.645718, 9
4, bkm, 44.491000, 8, 21.721460, 13.271252, 23
4, bkm, 44.491000, 9, 1.354976, 0.547235, 3677
4, bkm, 44.491000, 10, 14.004463, 8.593872, 36
4, bkm, 44.491000, 11, 2.240046, 0.919956, 1097
4, bkm, 44.491000, 12, 7.258375, 3.472990, 115
4, bkm, 44.491000, 13, 54.176073, 75.334518, 5
4, bkm, 44.491000, 14, 4.293717, 2.156406, 264
4, bkm, 44.491000, 15, 2.631171, 1.150708, 707
4, bkm, 44.491000, 16, 1.232769, 0.534937, 4154
4, bkm, 44.491000, 17, 3.408972, 1.621011, 448
4, bkm, 44.491000, 18, 24.113102, 12.198632, 24
4, bkm, 44.491000, 19, 1.541152, 0.623333, 2687
4, skm, 5.843000, 0, 0.401249, 0.161565, 169
4, skm, 5.843000, 1, 0.367970, 0.097874, 353
4, skm, 5.843000, 2, 0.593612, 0.201267, 767
4, skm, 5.843000, 3, 0.557269, 0.173444, 1092
4, skm, 5.843000, 4, 0.488294, 0.054200, 707
4, skm, 5.843000, 5, 0.534773, 0.092054, 986
4, skm, 5.843000, 6, 0.619499, 0.079687, 1084
4, skm, 5.843000, 7, 0.587675, 0.079743, 1034
4, skm, 5.843000, 8, 0.641938, 0.120402, 32
4, skm, 5.843000, 9, 0.633353, 0.076965, 922
4, skm, 5.843000, 10, 0.000000, 0.000000, 1
4, skm, 5.843000, 11, 0.862167, 0.090681, 154
4, skm, 5.843000, 12, 0.764969, 0.258943, 10
4, skm, 5.843000, 13, 0.574753, 0.407806, 3
4, skm, 5.843000, 14, 0.684045, 0.087843, 917
4, skm, 5.843000, 15, 0.000000, 0.000000, 1
4, skm, 5.843000, 16, 0.000000, 0.000000, 1
4, skm, 5.843000, 17, 0.702507, 0.070505, 761
4, skm, 5.843000, 18, 0.799294, 0.072181, 140
4, skm, 5.843000, 19, 0.740555, 0.086495, 826
4, skm, 5.843000, 20, 0.754736, 0.075154, 617
4, skm, 5.843000, 21, 0.000000, 0.000000, 1
4, skm, 5.843000, 22, 0.000000, 0.000000, 1
4, skm, 5.843000, 23, 0.820116, 0.089984, 597
4, skm, 5.843000, 24, 0.961534, 0.115351, 96
4, skm, 5.843000, 25, 0.904358, 0.115361, 573
4, skm, 5.843000, 26, 0.983646, 0.162994, 677
4, skm, 5.843000, 27, 1.005024, 0.153823, 536
4, skm, 5.843000, 28, 1.056768, 0.088431, 205
4, skm, 5.843000, 29, 0.990939, 0.110406, 335
4, skm, 5.843000, 30, 1.339817, 0.451990, 557
4, skm, 5.843000, 31, 1.489449, 0.442359, 448
4, skm, 5.843000, 32, 1.672613, 0.269478, 46
4, skm, 5.843000, 33, 1.295298, 0.247323, 242
4, skm, 5.843000, 34, 1.378352, 0.175000, 178
4, skm, 5.843000, 35, 1.324986, 0.216065, 165
4, skm, 5.843000, 36, 1.702892, 0.363312, 187
4, skm, 5.843000, 37, 1.612482, 0.405461, 158
4, skm, 5.843000, 38, 1.606166, 0.205811, 71
4, skm, 5.843000, 39, 1.530245, 0.249361, 102
4, skm, 5.843000, 40, 1.983269, 0.663593, 111
4, skm, 5.843000, 41, 1.958513, 1.239099, 4
4, skm, 5.843000, 42, 2.491927, 0.643703, 71
4, skm, 5.843000, 43, 1.624080, 0.253376, 57
4, skm, 5.843000, 44, 1.889028, 0.427698, 71
4, skm, 5.843000, 45, 2.214812, 0.436642, 67
4, skm, 5.843000, 46, 2.132893, 0.441354, 41
4, skm, 5.843000, 47, 1.799428, 0.327497, 38
4, skm, 5.843000, 48, 1.893580, 0.323975, 25
4, skm, 5.843000, 49, 2.118254, 0.456365, 25
4, skm, 5.843000, 50, 2.203673, 0.451805, 30
4, skm, 5.843000, 51, 2.055233, 0.438892, 26
4, skm, 5.843000, 52, 0.000000, 0.000000, 1
4, skm, 5.843000, 53, 2.221169, 0.370350, 21
4, skm, 5.843000, 54, 2.240294, 0.361829, 15
4, skm, 5.843000, 55, 2.266964, 0.526317, 10
4, skm, 5.843000, 56, 2.424447, 0.892475, 9
4, skm, 5.843000, 57, 2.241668, 0.427854, 24
4, skm, 5.843000, 58, 2.564459, 0.725458, 18
4, skm, 5.843000, 59, 3.829359, 1.311368, 22
4, skm, 5.843000, 60, 3.542588, 1.508161, 15
4, skm, 5.843000, 61, 2.906798, 1.475947, 5
4, skm, 5.843000, 62, 2.934201, 0.741437, 8
4, skm, 5.843000, 63, 2.596491, 0.462716, 10
4, skm, 5.843000, 64, 2.749316, 0.841156, 6
4, skm, 5.843000, 65, 3.218481, 0.586185, 7
4, skm, 5.843000, 66, 2.916388, 0.832948, 12
4, skm, 5.843000, 67, 3.316201, 0.980297, 14
4, skm, 5.843000, 68, 3.324238, 0.899497, 10
4, skm, 5.843000, 69, 0.000000, 0.000000, 1
4, skm, 5.843000, 70, 4.150634, 1.557199, 8
4, skm, 5.843000, 71, 2.736720, 1.954574, 3
4, skm, 5.843000, 72, 4.264457, 0.957430, 8
4, skm, 5.843000, 73, 4.082636, 0.543949, 4
4, skm, 5.843000, 74, 3.107792, 0.664045, 4
4, skm, 5.843000, 75, 5.146016, 1.188943, 4
4, skm, 5.843000, 76, 4.287866, 0.899129, 6
4, skm, 5.843000, 77, 0.000000, 0.000000, 1
4, skm, 5.843000, 78, 2.948567, 0.810122, 5
4, skm, 5.843000, 79, 2.920291, 0.000000, 2
4, skm, 5.843000, 80, 0.000000, 0.000000, 1
4, skm, 5.843000, 81, 2.474466, 0.000000, 2
4, skm, 5.843000, 82, 2.571203, 0.000000, 2
4, skm, 5.843000, 83, 0.000000, 0.000000, 1
4, skm, 5.843000, 84, 0.000000, 0.000000, 1
4, skm, 5.843000, 85, 4.149932, 0.834922, 3
4, skm, 5.843000, 86, 4.682704, 1.266931, 5
4, skm, 5.843000, 87, 5.917517, 1.247944, 4
4, skm, 5.843000, 88, 0.000000, 0.000000, 1
4, skm, 5.843000, 89, 5.038194, 1.844912, 6
4, skm, 5.843000, 90, 4.650315, 0.797828, 4
4, skm, 5.843000, 91, 3.474315, 0.198253, 3
4, skm, 5.843000, 92, 0.000000, 0.000000, 1
4, skm, 5.843000, 93, 4.097905, 0.040580, 3
4, skm, 5.843000, 94, 0.000000, 0.000000, 1
4, skm, 5.843000, 95, 4.844815, 0.000000, 2
4, skm, 5.843000, 96, 0.000000, 0.000000, 1
4, skm, 5.843000, 97, 3.100786, 0.000000, 2
4, skm, 5.843000, 98, 0.000000, 0.000000, 1
4, skm, 5.843000, 99, 4.447564, 0.000000, 2
4, skm, 5.843000, 100, 0.000000, 0.000000, 1
4, skm, 5.843000, 101, 0.000000, 0.000000, 1
4, skm, 5.843000, 102, 0.000000, 0.000000, 1
4, skm, 5.843000, 103, 0.000000, 0.000000, 1
4, skm, 5.843000, 104, 0.000000, 0.000000, 1
4, skm, 5.843000, 105, 0.000000, 0.000000, 1
4, skm, 5.843000, 106, 1.320634, 0.000000, 2
4, skm, 5.843000, 107, 4.819254, 1.709655, 3
4, skm, 5.843000, 108, 0.108682, 0.000000, 2
4, skm, 5.843000, 109, 2.233028, 0.000000, 2
4, skm, 5.843000, 110, 0.000000, 0.000000, 1
4, skm, 5.843000, 111, 0.852458, 0.066956, 427
4, skm, 5.843000, 112, 0.837461, 0.091387, 625
4, skm, 5.843000, 113, 0.698918, 0.104016, 1143
5, km, 142.418000, 0, 0.666464, 0.071791, 789
5, km, 142.418000, 1, 0.682183, 0.229570, 1830
5, km, 142.418000, 2, 0.695393, 0.063024, 597
5, km, 142.418000, 3, 0.992890, 0.238855, 1052
5, km, 142.418000, 4, 0.666820, 0.172646, 1705
5, km, 142.418000, 5, 0.765586, 0.417621, 1429
5, km, 142.418000, 6, 0.822900, 0.115816, 766
5, km, 142.418000, 7, 0.660623, 0.081164, 993
5, km, 142.418000, 8, 1.370727, 0.502754, 1312
5, km, 142.418000, 9, 20.773016, 16.214487, 254
5, km, 142.418000, 10, 8.939598, 6.005761, 665
5, km, 142.418000, 11, 0.754545, 0.078664, 664
5, km, 142.418000, 12, 128.245043, 95.923468, 39
5, km, 142.418000, 13, 0.661472, 0.133642, 1507
5, km, 142.418000, 14, 0.718345, 0.064413, 595
5, km, 142.418000, 15, 0.676579, 0.064523, 720
5, km, 142.418000, 16, 58.832740, 42.304801, 91
5, km, 142.418000, 17, 3.959936, 2.458040, 1204
5, km, 142.418000, 18, 2.137641, 1.102528, 1413
5, km, 142.418000, 19, 0.659136, 0.102810, 1203
5, bkm, 45.018000, 0, 5.028765, 2.385996, 369
5, bkm, 45.018000, 1, 1.494323, 0.832887, 4627
5, bkm, 45.018000, 2, 31.629908, 11.645718, 9
5, bkm, 45.018000, 3, 24.113102, 12.198632, 24
5, bkm, 45.018000, 4, 0.000000, 0.000000, 1
5, bkm, 45.018000, 5, 3.672134, 1.819534, 794
5, bkm, 45.018000, 6, 14.813511, 7.603178, 48
5, bkm, 45.018000, 7, 16.514984, 1.524376, 4
5, bkm, 45.018000, 8, 4.819254, 1.709655, 3
5, bkm, 45.018000, 9, 17.361276, 15.360269, 13
5, bkm, 45.018000, 10, 1.730827, 0.761877, 3873
5, bkm, 45.018000, 11, 1.496949, 0.675156, 4913
5, bkm, 45.018000, 12, 8.969032, 5.285618, 124
5, bkm, 45.018000, 13, 10.994161, 5.892797, 60
5, bkm, 45.018000, 14, 2.111486, 0.958038, 2377
5, bkm, 45.018000, 15, 2.760279, 1.263038, 1338
5, bkm, 45.018000, 16, 21.908097, 14.426936, 13
5, bkm, 45.018000, 17, 1.320634, 0.000000, 2
5, bkm, 45.018000, 18, 6.756004, 3.729633, 221
5, bkm, 45.018000, 19, 27.858914, 10.878598, 15
5, skm, 6.325000, 0, 0.356456, 0.135532, 114
5, skm, 6.325000, 1, 0.319560, 0.066412, 212
5, skm, 6.325000, 2, 0.346419, 0.040730, 245
5, skm, 6.325000, 3, 0.365217, 0.035955, 332
5, skm, 6.325000, 4, 0.380626, 0.033457, 339
5, skm, 6.325000, 5, 0.433729, 0.086291, 568
5, skm, 6.325000, 6, 0.460601, 0.071943, 764
5, skm, 6.325000, 7, 0.556074, 0.053887, 184
5, skm, 6.325000, 8, 0.506175, 0.076878, 854
5, skm, 6.325000, 9, 0.544394, 0.077800, 1000
5, skm, 6.325000, 10, 0.547838, 0.224936, 7
5, skm, 6.325000, 11, 0.337690, 0.337690, 2
5, skm, 6.325000, 12, 0.549006, 0.059358, 773
5, skm, 6.325000, 13, 0.000000, 0.000000, 1
5, skm, 6.325000, 14, 0.555127, 0.045744, 532
5, skm, 6.325000, 15, 0.549246, 0.046359, 576
5, skm, 6.325000, 16, 0.000000, 0.000000, 1
5, skm, 6.325000, 17, 0.000000, 0.000000, 1
5, skm, 6.325000, 18, 0.587110, 0.046214, 402
5, skm, 6.325000, 19, 0.000000, 0.000000, 1
5, skm, 6.325000, 20, 0.609745, 0.055303, 637
5, skm, 6.325000, 21, 0.362006, 0.362006, 2
5, skm, 6.325000, 22, 0.382787, 0.382787, 2
5, skm, 6.325000, 23, 0.657126, 0.059592, 705
5, skm, 6.325000, 24, 0.000000, 0.000000, 1
5, skm, 6.325000, 25, 0.000000, 0.000000, 1
5, skm, 6.325000, 26, 0.650923, 0.056730, 562
5, skm, 6.325000, 27, 0.671777, 0.051548, 407
5, skm, 6.325000, 28, 0.000000, 0.000000, 1
5, skm, 6.325000, 29, 0.000000, 0.000000, 1
5, skm, 6.325000, 30, 0.676243, 0.055651, 499
5, skm, 6.325000, 31, 0.000000, 0.000000, 1
5, skm, 6.325000, 32, 0.000000, 0.000000, 1
5, skm, 6.325000, 33, 0.000000, 0.000000, 1
5, skm, 6.325000, 34, 0.706211, 0.058183, 485
5, skm, 6.325000, 35, 0.299516, 0.000000, 2
5, skm, 6.325000, 36, 0.000000, 0.000000, 1
5, skm, 6.325000, 37, 0.748988, 0.095690, 680
5, skm, 6.325000, 38, 0.888294, 0.171752, 31
5, skm, 6.325000, 39, 0.660532, 0.467676, 3
5, skm, 6.325000, 40, 0.901505, 0.141642, 49
5, skm, 6.325000, 41, 0.799215, 0.090392, 691
5, skm, 6.325000, 42, 0.000000, 0.000000, 1
5, skm, 6.325000, 43, 0.000000, 0.000000, 1
5, skm, 6.325000, 44, 0.801927, 0.071844, 572
5, skm, 6.325000, 45, 0.000000, 0.000000, 1
5, skm, 6.325000, 46, 0.706618, 0.317847, 6
5, skm, 6.325000, 47, 0.886358, 0.083142, 83
5, skm, 6.325000, 48, 0.483998, 0.483998, 2
5, skm, 6.325000, 49, 0.826117, 0.087764, 540
5, skm, 6.325000, 50, 0.000000, 0.000000, 1
5, skm, 6.325000, 51, 0.879416, 0.095831, 532
5, skm, 6.325000, 52, 0.000000, 0.000000, 1
5, skm, 6.325000, 53, 0.000000, 0.000000, 1
5, skm, 6.325000, 54, 0.878119, 0.393878, 6
5, skm, 6.325000, 55, 0.501427, 0.501427, 2
5, skm, 6.325000, 56, 0.000000, 0.000000, 1
5, skm, 6.325000, 57, 0.889120, 0.094376, 373
5, skm, 6.325000, 58, 0.000000, 0.000000, 1
5, skm, 6.325000, 59, 0.000000, 0.000000, 1
5, skm, 6.325000, 60, 0.934135, 0.083757, 116
5, skm, 6.325000, 61, 0.000000, 0.000000, 1
5, skm, 6.325000, 62, 0.902517, 0.088260, 347
5, skm, 6.325000, 63, 0.999366, 0.079513, 163
5, skm, 6.325000, 64, 0.553947, 0.553947, 2
5, skm, 6.325000, 65, 0.000000, 0.000000, 1
5, skm, 6.325000, 66, 0.956622, 0.106032, 311
5, skm, 6.325000, 67, 0.000000, 0.000000, 1
5, skm, 6.325000, 68, 0.000000, 0.000000, 1
5, skm, 6.325000, 69, 0.551506, 0.551506, 2
5, skm, 6.325000, 70, 1.023715, 0.132768, 384
5, skm, 6.325000, 71, 0.584629, 0.584629, 2
5, skm, 6.325000, 72, 1.203854, 0.109587, 231
5, skm, 6.325000, 73, 0.853879, 0.604690, 3
5, skm, 6.325000, 74, 1.061310, 0.115348, 256
5, skm, 6.325000, 75, 1.137304, 0.112089, 116
5, skm, 6.325000, 76, 1.055865, 0.103418, 157
5, skm, 6.325000, 77, 0.000000, 0.000000, 1
5, skm, 6.325000, 78, 1.105378, 0.121278, 197
5, skm, 6.325000, 79, 0.578361, 0.578361, 2
5, skm, 6.325000, 80, 0.000000, 0.000000, 1
5, skm, 6.325000, 81, 1.157758, 0.137298, 165
5, skm, 6.325000, 82, 1.197736, 0.112959, 93
5, skm, 6.325000, 83, 1.205240, 0.141133, 156
5, skm, 6.325000, 84, 1.313381, 0.468386, 9
5, skm, 6.325000, 85, 1.254932, 0.132937, 107
5, skm, 6.325000, 86, 0.000000, 0.000000, 1
5, skm, 6.325000, 87, 1.146198, 0.574029, 5
5, skm, 6.325000, 88, 0.994789, 0.703601, 3
5, skm, 6.325000, 89, 1.301201, 0.119283, 102
5, skm, 6.325000, 90, 1.252354, 0.138812, 100
5, skm, 6.325000, 91, 1.452819, 0.163853, 86
5, skm, 6.325000, 92, 1.370487, 0.509534, 9
5, skm, 6.325000, 93, 1.371670, 0.162214, 102
5, skm, 6.325000, 94, 0.897363, 0.897363, 2
5, skm, 6.325000, 95, 1.422418, 0.511314, 9
5, skm, 6.325000, 96, 1.570409, 0.460138, 13
5, skm, 6.325000, 97, 1.462521, 0.166299, 61
5, skm, 6.325000, 98, 1.393821, 0.133413, 47
5, skm, 6.325000, 99, 0.000000, 0.000000, 1
5, skm, 6.325000, 100, 1.472304, 0.183345, 52
5, skm, 6.325000, 101, 1.734394, 0.437199, 21
5, skm, 6.325000, 102, 0.000000, 0.000000, 1
5, skm, 6.325000, 103, 1.735501, 0.403673, 74
5, skm, 6.325000, 104, 1.837377, 0.340315, 70
5, skm, 6.325000, 105, 0.000000, 0.000000, 1
5, skm, 6.325000, 106, 1.712979, 0.279040, 61
5, skm, 6.325000, 107, 1.833781, 0.319728, 49
5, skm, 6.325000, 108, 1.853808, 0.293871, 48
5, skm, 6.325000, 109, 2.059090, 0.566308, 15
5, skm, 6.325000, 110, 2.134031, 0.445266, 42
5, skm, 6.325000, 111, 2.432616, 0.552582, 37
5, skm, 6.325000, 112, 1.970836, 0.251158, 18
5, skm, 6.325000, 113, 1.822025, 0.914762, 5
5, skm, 6.325000, 114, 2.068333, 0.753998, 9
5, skm, 6.325000, 115, 2.083402, 0.276327, 22
5, skm, 6.325000, 116, 2.315220, 0.604645, 31
5, skm, 6.325000, 117, 3.236062, 0.957708, 42
5, skm, 6.325000, 118, 2.879659, 1.063515, 28
5, skm, 6.325000, 119, 0.947025, 1.207231, 3
5, skm, 6.325000, 120, 2.446658, 0.476459, 16
5, skm, 6.325000, 121, 0.000000, 0.000000, 1
5, skm, 6.325000, 122, 2.683829, 0.529259, 12
5, skm, 6.325000, 123, 0.000000, 0.000000, 1
5, skm, 6.325000, 124, 2.658686, 0.613784, 13
5, skm, 6.325000, 125, 3.017804, 0.654629, 10
5, skm, 6.325000, 126, 2.804914, 0.710981, 11
5, skm, 6.325000, 127, 2.662903, 0.763108, 9
5, skm, 6.325000, 128, 2.801160, 0.374680, 10
5, skm, 6.325000, 129, 2.091483, 1.479632, 3
5, skm, 6.325000, 130, 1.657959, 1.657959, 2
5, skm, 6.325000, 131, 3.252298, 0.560179, 6
5, skm, 6.325000, 132, 2.780039, 0.331680, 10
5, skm, 6.325000, 133, 0.000000, 0.000000, 1
5, skm, 6.325000, 134, 2.864242, 1.120290, 6
5, skm, 6.325000, 135, 3.087014, 0.709486, 9
5, skm, 6.325000, 136, 2.385636, 0.511528, 3
5, skm, 6.325000, 137, 0.000000, 0.000000, 1
5, skm, 6.325000, 138, 2.909879, 0.443485, 6
5, skm, 6.325000, 139, 0.000000, 0.000000, 1
5, skm, 6.325000, 140, 3.102649, 1.178537, 4
5, skm, 6.325000, 141, 3.046530, 0.471285, 6
5, skm, 6.325000, 142, 0.000000, 0.000000, 1
5, skm, 6.325000, 143, 4.192596, 0.814123, 4
5, skm, 6.325000, 144, 3.230825, 0.814501, 5
5, skm, 6.325000, 145, 3.835430, 0.387382, 3
5, skm, 6.325000, 146, 3.126887, 0.584450, 5
5, skm, 6.325000, 147, 5.133852, 1.709981, 9
5, skm, 6.325000, 148, 0.000000, 0.000000, 1
5, skm, 6.325000, 149, 3.434421, 0.277607, 3
5, skm, 6.325000, 150, 0.448963, 0.448963, 2
5, skm, 6.325000, 151, 2.920291, 0.000000, 2
5, skm, 6.325000, 152, 0.000000, 0.000000, 1
5, skm, 6.325000, 153, 0.000000, 0.000000, 1
5, skm, 6.325000, 154, 0.000000, 0.000000, 1
5, skm, 6.325000, 155, 0.000000, 0.000000, 1
5, skm, 6.325000, 156, 0.000000, 0.000000, 1
5, skm, 6.325000, 157, 0.000000, 0.000000, 1
5, skm, 6.325000, 158, 4.081239, 0.769573, 4
5, skm, 6.325000, 159, 3.705749, 0.556512, 3
5, skm, 6.325000, 160, 0.310623, 0.000000, 2
5, skm, 6.325000, 161, 3.493586, 0.000000, 2
5, skm, 6.325000, 162, 3.490218, 0.000000, 2
5, skm, 6.325000, 163, 0.000000, 0.000000, 1
5, skm, 6.325000, 164, 0.000000, 0.000000, 1
5, skm, 6.325000, 165, 4.174211, 0.788631, 5
5, skm, 6.325000, 166, 0.000000, 0.000000, 1
5, skm, 6.325000, 167, 4.338447, 0.564042, 3
5, skm, 6.325000, 168, 3.474315, 0.198253, 3
5, skm, 6.325000, 169, 0.000000, 0.000000, 1
5, skm, 6.325000, 170, 4.097905, 0.040580, 3
5, skm, 6.325000, 171, 0.000000, 0.000000, 1
5, skm, 6.325000, 172, 0.000000, 0.000000, 1
5, skm, 6.325000, 173, 0.000000, 0.000000, 1
5, skm, 6.325000, 174, 0.000000, 0.000000, 1
5, skm, 6.325000, 175, 3.100786, 0.000000, 2
5, skm, 6.325000, 176, 0.000000, 0.000000, 1
5, skm, 6.325000, 177, 0.000000, 0.000000, 1
5, skm, 6.325000, 178, 0.000000, 0.000000, 1
5, skm, 6.325000, 179, 0.000000, 0.000000, 1
5, skm, 6.325000, 180, 0.000000, 0.000000, 1
5, skm, 6.325000, 181, 0.000000, 0.000000, 1
5, skm, 6.325000, 182, 0.000000, 0.000000, 1
5, skm, 6.325000, 183, 0.000000, 0.000000, 1
5, skm, 6.325000, 184, 0.000000, 0.000000, 1
5, skm, 6.325000, 185, 1.320634, 0.000000, 2
5, skm, 6.325000, 186, 0.000000, 0.000000, 1
5, skm, 6.325000, 187, 0.350509, 0.000000, 2
5, skm, 6.325000, 188, 0.108682, 0.000000, 2
5, skm, 6.325000, 189, 2.233028, 0.000000, 2
5, skm, 6.325000, 190, 0.000000, 0.000000, 1
5, skm, 6.325000, 191, 0.000000, 0.000000, 1
5, skm, 6.325000, 192, 0.637269, 0.065515, 798
